designation,source_id,ra,dec,parallax,pmra,pmdec,ruwe,bp_rp,radial_velocity,phot_variable_flag,non_single_star,has_xp_continuous,has_xp_sampled,has_rvs,has_epoch_photometry,has_epoch_rv,has_mcmc_gspphot,has_mcmc_msc,teff_gspphot,logg_gspphot,mh_gspphot,distance_gspphot,azero_gspphot,ag_gspphot,ebpminrp_gspphot
"Gaia DR3 1348104197430849280",1348104197430849280,259.8681972582434,42.254904472104265,7.241379221726147,12.204431143871965,-56.227849556123026,0.9895419,3.3110237,,"NOT_AVAILABLE",0,false,false,false,false,false,true,false,3128.9011,5.0735,-0.3139,140.671,1.0536,0.6362,0.4433
"Gaia DR3 1348112821724704768",1348112821724704768,259.43463209479245,42.2511198157026,6.269191725443209,5.7769374336352435,-14.444943533056447,1.0494803,2.8736534,,"NOT_AVAILABLE",0,false,false,false,false,false,false,false,,,,,,,
"Gaia DR3 1348113788093481856",1348113788093481856,259.5752836218221,42.273679925939675,5.737909097032753,26.535317852532934,62.29772699606015,1.4399554,3.0056038,,"NOT_AVAILABLE",0,true,false,false,false,false,false,true,,,,,,,
"Gaia DR3 1348119281356064256",1348119281356064256,259.8886063796837,42.4153597224859,5.949599401140248,-11.766334999154662,23.531049906681645,1.0415076,2.4379168,,"NOT_AVAILABLE",0,true,false,false,false,false,true,true,3518.2283,4.9354,-0.4939,168.1318,0.773,0.5134,0.311
"Gaia DR3 1348119281356151040",1348119281356151040,259.89067077380207,42.41675039777103,5.995010754515938,-11.214669443418597,23.575548472238744,0.99972165,3.1415863,,"NOT_AVAILABLE",0,false,false,false,false,false,false,false,,,,,,,
"Gaia DR3 1348199275122214784",1348199275122214784,260.0848367052389,42.344753706015894,7.888014848753659,24.800504403731406,-28.220038277699672,3.1143425,1.8523331,-37.93965,"NOT_AVAILABLE",1,true,true,false,false,false,false,true,4237.768,4.5154,0.3959,123.4832,0.7328,0.5285,0.2862
"Gaia DR3 1348201298051268224",1348201298051268224,260.1745772891181,42.48548839980619,6.908188003748306,-64.27278101755263,68.90831725426543,0.98382944,3.2436047,,"NOT_AVAILABLE",0,false,false,false,false,false,true,false,3077.1619,5.0591,-0.1978,149.2999,0.8902,0.5314,0.3805
"Gaia DR3 1348202260123969664",1348202260123969664,260.30053180649105,42.506783634174084,5.99663277987806,-1.1655203358139257,-1.6844534986014068,1.0698225,2.9154701,,"NOT_AVAILABLE",0,false,false,false,false,false,true,true,3224.2524,4.99,-0.1594,166.6491,0.8045,0.4996,0.3386
"Gaia DR3 1348203226492127360",1348203226492127360,260.3261192526981,42.56086527714872,6.527749474249087,25.36409068421867,-52.653601271820975,1.0155218,2.667776,,"NOT_AVAILABLE",0,true,false,false,false,false,true,true,3454.8125,4.864,-0.1444,153.5595,0.8682,0.5641,0.3568
"Gaia DR3 1348219925324997248",1348219925324997248,260.3046729987307,42.73060053807648,6.130357005032874,-2.982238499448501,-2.754101101113386,1.1110829,3.1608696,,"NOT_AVAILABLE",0,true,false,false,false,false,true,true,3214.9097,4.9282,0.0556,166.7509,1.0359,0.635,0.4398
"Gaia DR3 1354157253755685632",1354157253755685632,258.57009378693454,42.32143692924398,5.277327451291707,-58.488507565882074,-36.22823665746793,1.288205,2.540988,-21.61622,"NOT_AVAILABLE",0,true,false,false,false,false,true,true,3467.7146,4.4846,-0.3604,189.2775,0.6731,0.4417,0.2789
"Gaia DR3 1354363304810086272",1354363304810086272,258.4208797777068,42.55144701822965,5.521360581978336,-15.824009245024197,5.035360580657215,0.98492026,2.862358,,"NOT_AVAILABLE",0,false,false,false,false,false,false,false,,,,,,,
"Gaia DR3 1354362312673806720",1354362312673806720,258.2621260367448,42.51709675768322,8.25268187552386,-3.3906397435955737,54.65788813507227,1.0578648,1.6260853,-25.178713,"NOT_AVAILABLE",0,true,true,false,false,false,true,true,4324.5156,4.6606,0.1413,121.1829,0.4352,0.322,0.1707
"Gaia DR3 1354365164530582144",1354365164530582144,258.5226624536517,42.68083256304413,6.758621369047244,-21.38728727562333,-88.48824993174915,0.95646536,1.2451687,,"NOT_AVAILABLE",0,false,false,false,false,false,false,false,,,,,,,
"Gaia DR3 1354365164532078976",1354365164532078976,258.52397354877087,42.68059418676018,6.797487601016344,-21.291917110377458,-87.92168122713113,1.1448205,1.4267273,19.084217,"NOT_AVAILABLE",0,true,true,false,false,false,false,true,,,,,,,
"Gaia DR3 1354373926265405696",1354373926265405696,258.18803873469693,42.68681844256792,9.199815450588998,-18.416679085407967,-34.16745491887643,1.0842131,1.9680862,9.770218,"VARIABLE",0,true,true,false,true,false,true,true,3948.0583,4.7019,0.0,108.3508,0.5619,0.3967,0.2203
"Gaia DR3 1354378118153501440",1354378118153501440,258.16731404908563,42.77575632357688,5.14562620174666,1.4477014107612058,-27.946144004309332,1.20309,2.4982119,,"NOT_AVAILABLE",0,true,false,false,false,false,true,true,3532.038,4.5655,-0.3056,193.0281,0.7987,0.5281,0.3268
"Gaia DR3 1354381451048216832",1354381451048216832,258.44400504529864,42.79684801360445,6.011854004755314,-68.21265214589062,22.28778508606409,1.0433224,2.5948582,,"NOT_AVAILABLE",0,true,false,false,false,false,true,true,3443.5063,4.6487,-0.547,164.4301,0.8529,0.5577,0.348
"Gaia DR3 1354426634104100608",1354426634104100608,258.09058517486136,42.8625822628063,7.393110995300594,4.215508675949206,-44.13761476083328,1.0544641,2.9830322,,"NOT_AVAILABLE",0,true,false,false,false,false,true,true,3339.3054,4.8393,0.0348,135.5761,1.1348,0.7127,0.4743
"Gaia DR3 1354430551114289920",1354430551114289920,258.03625131851726,42.92845597963613,6.07942504245115,-21.05891486426096,-16.725731080889087,1.4316452,2.0855007,-4.318811,"NOT_AVAILABLE",0,true,true,false,false,false,false,true,,,,,,,
"Gaia DR3 1354431169589654272",1354431169589654272,258.1071441554516,42.99473174278911,6.0781137785415,36.759857959719746,-44.61528242102568,0.94893914,2.9999962,,"NOT_AVAILABLE",0,false,false,false,false,false,true,true,3199.0225,5.0465,-0.5033,163.5372,0.7324,0.4554,0.3049
"Gaia DR3 1354432097302486912",1354432097302486912,258.23986797398095,42.90735592529324,5.2486279583332465,17.5170924700303,-20.028271879222835,1.0820055,2.1407433,-20.516443,"NOT_AVAILABLE",0,true,false,false,false,false,true,true,3744.4834,4.6915,-0.1572,190.5229,0.5256,0.362,0.2099
"Gaia DR3 1354436220471188864",1354436220471188864,258.22176559785134,42.97838280463112,9.230044979745356,-110.47168829214202,-11.160444935937832,1.0717912,2.1887417,-42.028763,"NOT_AVAILABLE",0,true,true,false,false,false,true,true,3680.6086,4.6238,-0.2575,108.2124,0.4865,0.3327,0.196
"Gaia DR3 1354436357910142080",1354436357910142080,258.2645162783566,43.01408810860846,7.173544941134861,-17.689087642794327,26.769984622910265,2.7781978,0.97541714,-21.473509,"NOT_AVAILABLE",0,true,true,false,false,false,true,true,5193.9697,4.326,-0.5005,138.6167,7.0E-4,6.0E-4,3.0E-4
"Gaia DR3 1354438449561209728",1354438449561209728,258.4041564410931,43.09607311491028,5.091367434598765,18.45995217144144,5.311482167033422,1.0623679,2.8340664,,"NOT_AVAILABLE",0,false,false,false,false,false,false,false,,,,,,,
"Gaia DR3 1354444191930501760",1354444191930501760,258.0232083126101,43.05856053308444,6.502123544096206,-18.795823374297182,-5.019697699804264,1.0489638,2.3237333,,"NOT_AVAILABLE",0,true,false,false,false,false,true,true,3591.191,4.9574,-0.5915,152.2466,0.722,0.4871,0.2875
"Gaia DR3 1354448899214711936",1354448899214711936,258.14101016908705,43.03993730569003,5.363545749605838,19.408395976988295,12.906035115713815,0.99074197,1.2373104,-10.738491,"NOT_AVAILABLE",0,true,true,false,false,false,true,true,4660.753,4.5614,-0.054,186.6945,0.0382,0.0296,0.0156
"Gaia DR3 1354450647265192704",1354450647265192704,258.22874884128953,43.15594931438299,5.3066412504338345,9.70364846006237,10.244460885992481,0.9468833,0.93073654,48.367283,"NOT_AVAILABLE",0,true,true,false,false,false,true,true,5437.649,4.592,-0.2801,187.1586,0.0989,0.0816,0.0437
"Gaia DR3 1354455423269730688",1354455423269730688,258.2847295354326,43.22865497373081,7.457853210044768,-52.36872001878455,43.95038455088721,0.96709484,0.7095394,,"NOT_AVAILABLE",0,false,false,false,false,false,false,false,,,,,,,
"Gaia DR3 1354456046040249088",1354456046040249088,258.35483704010335,43.294740059159025,15.515096197424052,-12.449493628815748,-88.82494129850585,1.112584,2.6023712,-11.649169,"NOT_AVAILABLE",0,true,true,false,false,false,false,true,,,,,,,
"Gaia DR3 1360097708921947776",1360097708921947776,259.190135234563,42.16236831943963,21.00773022291229,-33.130443367275994,52.0042502394618,1.0828053,1.0629845,-17.212172,"VARIABLE",0,true,true,false,true,false,true,true,4993.256,4.5344,-0.1144,47.5625,1.0E-4,0.0,0.0
"Gaia DR3 1360097773344574592",1360097773344574592,259.1863576972982,42.175681638830184,5.447142006596275,-26.13928647380717,-51.27181273226756,1.0481956,1.0208197,7.0134716,"NOT_AVAILABLE",0,true,true,false,false,false,true,true,5260.3164,4.6201,-0.0851,182.3754,0.1492,0.1211,0.0643
"Gaia DR3 1360099628770444288",1360099628770444288,259.25941852556224,42.23667176109984,21.051437898228187,-32.41013054194631,52.206098288143195,2.754627,2.437581,-17.1667,"NOT_AVAILABLE",0,true,true,false,false,false,false,true,,,,,,,
"Gaia DR3 1360100698219201280",1360100698219201280,259.081267598899,42.17299568952356,5.08306969145503,-24.414221730822092,-73.82091200359488,1.0166112,3.2910843,,"NOT_AVAILABLE",0,false,false,false,false,false,false,false,,,,,,,
"Gaia DR3 1360107295288989696",1360107295288989696,258.9060028216416,42.18023654035757,5.767410090923475,-17.3046463123097,-58.80284570368345,0.9831234,2.2297325,,"NOT_AVAILABLE",0,true,false,false,false,false,true,true,3690.0103,4.7705,-0.2443,172.3926,0.639,0.4358,0.2557
"Gaia DR3 1360107467087674880",1360107467087674880,258.97020291836753,42.18673300230243,8.137638564114564,6.790501775060864,13.159404863353785,1.0628767,3.59243,,"NOT_AVAILABLE",0,true,false,false,false,false,false,false,,,,,,,
"Gaia DR3 1360113239523748608",1360113239523748608,258.9261917279129,42.365739811472515,5.492664235996742,-1.7314650672730798,12.78026882078396,1.0240449,2.6113405,,"NOT_AVAILABLE",0,true,false,false,false,false,true,true,3443.461,4.8582,-0.1269,181.8781,0.6961,0.4532,0.2878
"Gaia DR3 1360113784982850816",1360113784982850816,259.0399417491645,42.25819857846609,5.503030978990493,2.102917574493434,-50.220904259038065,0.98657596,2.6892414,,"NOT_AVAILABLE",0,false,false,false,false,false,true,true,3320.1885,4.9778,-0.516,180.8245,0.6742,0.432,0.2775
"Gaia DR3 1360117397052152832",1360117397052152832,259.24351882951913,42.43513819999081,6.661787348970159,-35.02982358030151,24.69097587817054,0.7694785,0.99403286,-52.521526,"NOT_AVAILABLE",0,true,true,false,false,false,true,true,5215.565,4.5031,0.1121,150.1799,0.0209,0.017,0.009
"Gaia DR3 1360124505221018112",1360124505221018112,259.56107234551433,42.339935835210916,8.872399231902023,26.22156674486559,-4.22479498743296,1.3012972,2.318552,34.74464,"NOT_AVAILABLE",0,true,true,false,false,false,true,true,3572.5518,4.6555,-0.3018,113.5263,0.4998,0.3358,0.2042
"Gaia DR3 1360126742900971776",1360126742900971776,259.3649207118121,42.33996627884983,9.22558343482499,8.292092762917683,15.72934868536279,1.0759106,2.5419436,,"NOT_AVAILABLE",0,true,false,false,false,false,true,true,3466.3862,4.8883,-0.5425,108.3838,0.7989,0.5257,0.3231
"Gaia DR3 1360127563239079808",1360127563239079808,259.435850015084,42.41788255056662,7.4306365470837425,6.525829786244204,-35.967785706788945,1.003317,3.2098064,,"NOT_AVAILABLE",0,false,false,false,false,false,false,false,,,,,,,
"Gaia DR3 1360129938357330816",1360129938357330816,259.6474324710997,42.55383720952458,5.02578371279247,32.75962881937445,57.160868739467446,0.97612345,3.3459854,,"NOT_AVAILABLE",0,true,false,false,false,false,false,true,3244.66,4.598,0.1726,218.7906,1.3938,0.8458,0.6032
"Gaia DR3 1360133133810720512",1360133133810720512,259.7859670402075,42.56666281878158,14.813849914161972,-13.66464031470894,93.1134844919138,0.9772136,3.6611004,,"NOT_AVAILABLE",0,true,false,false,false,false,false,false,,,,,,,
"Gaia DR3 1360139833961363712",1360139833961363712,259.94743005243106,42.798167401205816,13.409287856265822,-0.5127875033258409,75.40386358398762,0.8877101,0.84275055,-22.107811,"VARIABLE",0,true,true,false,true,false,true,true,5798.128,4.5378,-0.006,74.4613,0.1247,0.1045,0.0559
"Gaia DR3 1360143922770250240",1360143922770250240,259.60363575329984,42.66769905409972,6.008594184857826,-59.443604828084574,-66.14439847826694,1.0398511,2.4981384,,"NOT_AVAILABLE",0,true,false,false,false,false,true,true,3493.8457,4.8792,-0.2273,166.2925,0.6387,0.4213,0.2618
"Gaia DR3 1360144502589284864",1360144502589284864,259.371064185908,42.57578955813796,5.13969787972132,-4.677313718504482,-1.4254563641518558,0.98306614,2.6073828,,"NOT_AVAILABLE",0,true,false,false,false,false,true,true,3457.0552,4.8489,-0.1282,193.5136,0.7519,0.49,0.3101
"Gaia DR3 1360146186218968192",1360146186218968192,259.3728279503602,42.637714089744655,5.462472868786065,-31.547676548394577,-32.08409546675633,0.9480589,3.2450027,,"NOT_AVAILABLE",0,false,false,false,false,false,false,false,,,,,,,
"Gaia DR3 1360154608648898944",1360154608648898944,259.6689030661321,42.82965437963421,5.492033769577605,20.890724459967213,-10.875961886990057,1.0137734,2.792038,,"NOT_AVAILABLE",0,true,false,false,false,false,true,true,3325.1008,4.7995,-0.4753,180.2592,0.8022,0.5124,0.3319
"Gaia DR3 1360158216421280768",1360158216421280768,258.78706738115795,42.312121096631124,25.458598441013425,188.1287256616902,-25.886375397013545,1.0863186,2.6711664,-40.399704,"NOT_AVAILABLE",0,true,true,false,false,false,true,true,3185.593,4.5266,-1.0435,39.3397,0.0975,0.0623,0.0407
"Gaia DR3 1360158560018674816",1360158560018674816,258.6521231586002,42.271135673999204,7.617235607291848,-14.470801248867467,45.078937942592,1.032899,3.2636623,,"NOT_AVAILABLE",0,false,false,false,false,false,true,true,3109.4778,5.0313,-0.142,137.6957,1.2852,0.7672,0.5427
"Gaia DR3 1355198972302736384",1355198972302736384,257.9400345962688,43.15283060009652,5.190662443561737,51.04706258776292,43.96164445309978,1.0261518,2.516941,,"NOT_AVAILABLE",0,true,false,false,false,false,true,true,3509.5938,4.7929,0.0153,195.8396,0.6153,0.4047,0.2548
"Gaia DR3 1360162717547023616",1360162717547023616,258.74025960572686,42.40597271363926,8.734356416627518,23.656307886332925,23.533011340744366,1.0352173,2.7558508,,"NOT_AVAILABLE",0,true,false,false,false,false,true,true,3354.171,4.9914,-0.3354,115.3537,0.8567,0.5485,0.3524
"Gaia DR3 1360163198583364352",1360163198583364352,258.6997384843548,42.42119706411603,6.1810777184857555,-30.235567218121567,-6.592991033005273,0.8983893,3.1679764,,"NOT_AVAILABLE",0,false,false,false,false,false,true,true,3165.6716,5.007,-0.1335,168.9209,0.8855,0.541,0.3748
"Gaia DR3 1355203232910297600",1355203232910297600,257.9658357633031,43.26072952267523,24.51569664150853,-112.1973777107422,-184.41294096380648,1.2140996,1.0681362,,"NOT_AVAILABLE",0,false,false,false,false,false,false,false,,,,,,,
"Gaia DR3 1355203232910297728",1355203232910297728,257.9659494524446,43.26132107151745,24.54811601877047,-101.07548312638237,-185.80735600349135,1.3406694,2.2732248,-17.656313,"NOT_AVAILABLE",0,true,true,false,false,false,false,true,,,,,,,
"Gaia DR3 1355206836387212160",1355206836387212160,258.1043789368382,43.3394775245209,10.431968985288822,-20.019856142187063,9.67822888763618,1.1697512,2.9125328,,"NOT_AVAILABLE",0,true,false,false,false,false,true,true,3272.921,4.9675,-0.4001,98.1245,0.9092,0.5719,0.3766
"Gaia DR3 1355208902267159680",1355208902267159680,258.2078627693562,43.39949907993828,7.618228687330408,-52.62865714613078,-65.19052271862637,1.0812099,1.994379,-45.224888,"NOT_AVAILABLE",0,true,true,false,false,false,true,true,3876.8503,4.5916,-0.0441,131.0494,0.4617,0.3239,0.1825
"Gaia DR3 1360171960316701568",1360171960316701568,258.98897834370166,42.61767489396669,17.49779325222684,-41.79004998947547,27.043487487617075,1.2305249,2.7732744,-22.99732,"NOT_AVAILABLE",0,true,true,false,false,false,false,true,,,,,,,
"Gaia DR3 1355209894403577728",1355209894403577728,258.1227334747285,43.37042589554366,9.235262799856129,-54.33774974735507,-31.216547860233703,20.93937,1.5421238,-27.109108,"NOT_AVAILABLE",1,true,true,false,false,false,false,true,,,,,,,
"Gaia DR3 1360173192970270976",1360173192970270976,259.1124846006155,42.65644958478436,14.098644855646524,-4.315200928166062,55.41452723850523,1.1292505,1.7651806,-27.39386,"NOT_AVAILABLE",0,true,true,false,false,false,true,true,4134.6465,4.6139,9.0E-4,71.0785,0.4492,0.3258,0.1756
"Gaia DR3 1360176495802119040",1360176495802119040,258.60583324644665,42.5079927047078,5.341848946284889,16.535636345614424,-5.74645332409664,1.5888953,1.2736025,-9.405535,"NOT_AVAILABLE",1,true,true,false,false,false,true,true,4656.354,4.5711,0.0264,186.5088,0.1073,0.0831,0.0437
"Gaia DR3 1360177079917670528",1360177079917670528,258.70316637004123,42.570381637297395,6.452169790406786,41.11469077335124,-36.52773428402449,3.5247133,1.7218533,4.967759,"NOT_AVAILABLE",0,false,false,false,false,false,false,true,,,,,,,
"Gaia DR3 1360177079917670784",1360177079917670784,258.7035917237529,42.57085281354467,6.182282588326244,40.604367359214265,-36.92177970793141,1.0548778,1.0616045,5.641091,"NOT_AVAILABLE",0,true,true,false,false,false,true,true,5045.345,4.3292,-0.0579,160.2875,0.002,0.0016,8.0E-4
"Gaia DR3 1360179343364098176",1360179343364098176,258.89243486125014,42.68383384905564,5.23431384205069,0.6443744779074603,-0.8421274876692313,1.0832224,2.839056,,"NOT_AVAILABLE",0,false,false,false,false,false,true,true,3321.5396,5.0305,-0.4167,188.7488,0.7994,0.5097,0.3289
"Gaia DR3 1360183195949487488",1360183195949487488,258.80269949026575,42.73467913235034,15.220775046956943,49.921413929737376,-51.41707783387117,1.1045887,3.6896076,,"NOT_AVAILABLE",0,true,false,false,false,false,true,true,2888.0466,5.1504,-0.3012,69.1113,0.033,0.019,0.0147
"Gaia DR3 1355224875250131968",1355224875250131968,258.11118118076274,43.569060572913436,6.013683330038953,-40.24161070054311,-1.3030641214972798,1.0372366,3.417181,,"NOT_AVAILABLE",0,false,false,false,false,false,true,false,3072.38,5.0902,-0.3075,164.5658,1.0987,0.6529,0.4654
"Gaia DR3 1355225772898704384",1355225772898704384,258.32710802983746,43.60325077091987,14.644762807047925,31.761786058790715,-122.78662140795782,1.109521,2.257084,0.11326497,"NOT_AVAILABLE",0,true,true,false,false,false,true,true,3467.9297,4.3802,-1.1902,68.5975,0.4203,0.284,0.1665
"Gaia DR3 1355227898907144960",1355227898907144960,258.10262479738026,43.598743468204965,6.74780728237558,-75.23933205903302,14.27820326891641,2.0021472,1.612505,,"NOT_AVAILABLE",0,false,false,false,false,false,false,true,,,,,,,
"Gaia DR3 1355227903201565568",1355227903201565568,258.1026331685799,43.59889857505882,6.756994692904677,-74.07140371517534,12.439431066139402,1.9829948,1.484087,,"NOT_AVAILABLE",0,false,false,false,false,false,false,true,,,,,,,
"Gaia DR3 1355230475887667200",1355230475887667200,258.28382675453213,43.73319337419388,7.047873305692773,41.502475928036745,-50.86783535558995,1.0510601,3.023178,,"NOT_AVAILABLE",0,true,false,false,false,false,true,true,3286.7834,4.9856,-0.2273,143.097,1.1015,0.6898,0.4562
"Gaia DR3 1355231064298433408",1355231064298433408,258.214895374007,43.74693360166054,9.266294257791944,-1.2358976245584437,-147.84243401142655,1.1271858,2.2811918,-24.197874,"VARIABLE",0,true,true,false,true,false,true,true,3530.4155,4.639,-0.5999,108.1373,0.3938,0.2653,0.1601
"Gaia DR3 1360191923324889984",1360191923324889984,259.07123351749823,42.91453837541458,13.279890641328269,59.01616303805979,49.95675210287231,11.084096,2.004428,-18.258133,"VARIABLE",1,true,true,false,true,false,false,true,,,,,,,
"Gaia DR3 1360193194635101184",1360193194635101184,259.37596777024874,42.67616920440829,12.874673047262313,-49.32882200527694,91.33022112922356,0.965272,1.3686705,-66.379555,"NOT_AVAILABLE",0,true,true,false,false,false,true,true,4596.315,4.5996,0.2314,77.1441,0.1261,0.0961,0.0503
"Gaia DR3 1360195977773912576",1360195977773912576,259.4562991070497,42.780971033110454,6.0088271900056816,-31.74947215339059,61.69537504838253,0.9013891,1.0783682,-18.069777,"NOT_AVAILABLE",0,true,true,false,false,false,true,true,4932.597,4.3324,-0.1736,165.3785,0.001,8.0E-4,4.0E-4
"Gaia DR3 1360196939846587136",1360196939846587136,259.57237420686806,42.88626700213277,7.195063267661525,-0.6468599728045339,-34.42654700951791,1.18126,0.77547646,-16.67545,"NOT_AVAILABLE",0,true,true,false,false,false,true,true,5851.526,4.3076,0.1474,138.4101,0.0058,0.0049,0.0026
"Gaia DR3 1360200478899655040",1360200478899655040,259.4626564918551,42.89660081386146,8.16701771849214,40.318210488172966,17.64611423074771,2.463062,1.9413319,-6.3406096,"NOT_AVAILABLE",0,true,true,false,false,false,false,true,,,,,,,
"Gaia DR3 1360206320055273472",1360206320055273472,259.61427587285993,42.97898732225556,7.17884335504068,-30.914414855911456,-16.45911959962118,10.613518,2.8204432,,"NOT_AVAILABLE",0,true,false,false,false,false,false,true,,,,,,,
"Gaia DR3 1360210683741973888",1360210683741973888,259.2956877156632,42.879866021730614,6.973491614998567,25.192847249193726,6.3231919728725385,0.98931277,2.935978,,"NOT_AVAILABLE",0,false,false,false,false,false,false,false,,,,,,,
"Gaia DR3 1360216181300164224",1360216181300164224,259.26848627035787,43.025019024750534,7.928106085443711,19.615269425390466,-50.53395829077818,1.0157468,2.5235043,,"NOT_AVAILABLE",0,true,false,false,false,false,true,true,3517.1082,4.8196,-0.112,125.8345,0.7493,0.4935,0.3069
"Gaia DR3 1360217246452019840",1360217246452019840,259.41427057415734,43.07158418114543,11.640868210175407,-16.889735027672966,251.40606744427714,0.9891099,2.8370485,,"NOT_AVAILABLE",0,true,false,false,false,false,true,true,3290.0056,4.9923,-0.5091,88.1134,0.7672,0.4871,0.3161
"Gaia DR3 1360219308036293760",1360219308036293760,259.55454256236925,43.04654363054443,6.650564742702644,10.296244208302296,-100.82419951423446,1.014774,2.378395,1.9372423,"NOT_AVAILABLE",0,true,false,false,false,false,true,true,3612.3518,4.7613,-0.023,149.4435,0.6455,0.4326,0.2624
"Gaia DR3 1360223912241795712",1360223912241795712,259.581554296614,43.178875796527294,7.295891955455877,16.42913955532663,13.84102254750091,1.2045236,2.5480623,-3.5686576,"NOT_AVAILABLE",0,true,false,false,false,false,true,true,3509.85,4.8012,-0.0187,137.4517,0.7493,0.4918,0.3083
"Gaia DR3 1360231368302279808",1360231368302279808,260.2071515805721,42.82081338643628,11.719615870892753,17.308976379584482,1.7141900535053232,1.0709599,3.4060402,,"NOT_AVAILABLE",0,true,false,false,false,false,false,false,,,,,,,
"Gaia DR3 1360234529399527424",1360234529399527424,260.1656339137725,42.851205489667784,5.655253199260891,-32.093649247929164,13.361502879067595,1.0497866,2.0386057,-29.83747,"NOT_AVAILABLE",0,true,true,false,false,false,true,true,3886.094,4.6708,0.0016,176.0018,0.5981,0.4183,0.2356
"Gaia DR3 1360235560190381440",1360235560190381440,260.15322513165955,42.887518074875864,19.116902972633714,-123.62215113218046,24.71097764170463,0.97027075,0.9739113,,"NOT_AVAILABLE",0,true,false,false,false,false,false,false,,,,,,,
"Gaia DR3 1360237067725277440",1360237067725277440,260.3869232116104,42.88801016447995,5.494605063895672,-8.480973431452568,11.248376641610381,0.95632434,2.8139286,,"NOT_AVAILABLE",0,true,false,false,false,false,true,true,3335.2766,4.9829,-0.308,179.1875,0.8943,0.5695,0.3688
"Gaia DR3 1360237381257833088",1360237381257833088,260.44982109868107,42.91594143577242,7.518574492436229,-117.62627479235539,-52.736019189939285,1.1243722,0.81398106,-8.758857,"NOT_AVAILABLE",0,true,true,false,false,false,true,true,5630.648,4.368,-0.6188,132.6163,6.0E-4,5.0E-4,3.0E-4
"Gaia DR3 1360237480042069504",1360237480042069504,260.4187926130027,42.901996090639365,6.947052911725535,-24.863657368719704,-23.00573471018032,0.8117469,1.1062813,-48.843456,"NOT_AVAILABLE",0,true,true,false,false,false,true,true,5034.7314,4.532,0.0746,142.5373,0.1252,0.0999,0.0527
"Gaia DR3 1360238579557071360",1360238579557071360,260.4130616932442,42.96093454637262,5.476603217373089,-21.316100770168077,52.40064466830753,1.0286071,3.2804737,,"NOT_AVAILABLE",0,false,false,false,false,false,false,false,,,,,,,
"Gaia DR3 1360239786439728640",1360239786439728640,260.6091243089433,43.03117078405575,8.960915503147087,-39.46194888891298,-28.98059024386815,1.0389808,2.327135,-41.54996,"VARIABLE",0,true,true,false,true,false,true,true,3565.2515,4.5516,-0.5465,111.5719,0.5716,0.3848,0.2316
"Gaia DR3 1360243566010946176",1360243566010946176,260.45436742092875,43.04879994862775,5.128790971021946,10.053658633942579,-29.231780192415442,1.0603191,1.8249578,-3.9487224,"NOT_AVAILABLE",0,true,true,false,false,false,false,true,,,,,,,
"Gaia DR3 1360251571829774080",1360251571829774080,260.03190389758674,43.03682121943942,8.52436259900368,34.309117390589016,-4.035306944571692,1.0822958,1.8830576,-4.3277183,"NOT_AVAILABLE",0,true,true,false,false,false,true,true,4051.1006,4.6966,-0.0035,118.1263,0.598,0.4273,0.2332
"Gaia DR3 1360255351401012224",1360255351401012224,260.30391001866707,43.09105038222703,5.004891978099901,0.2267132371938516,-8.847048237718539,0.98276645,2.683012,,"NOT_AVAILABLE",0,true,false,false,false,false,true,true,3407.4478,4.935,-0.2854,197.8438,0.8092,0.5237,0.3325
"Gaia DR3 1360259573352499072",1360259573352499072,260.3811419621455,43.21493580332762,5.02544755854651,-11.401852012982387,22.126244999831645,1.0140705,3.3031273,,"NOT_AVAILABLE",0,false,false,false,false,false,false,false,,,,,,,
"Gaia DR3 1360260157468076928",1360260157468076928,260.31913887748203,43.23688402794939,5.2473005881932,-4.727232559547445,-55.34532120310659,1.0138083,2.5799627,,"NOT_AVAILABLE",0,true,false,false,false,false,true,true,3473.0054,4.8874,-0.3043,190.154,0.8466,0.5541,0.3452
"Gaia DR3 1360262841824054528",1360262841824054528,260.51134524512884,43.368615613160856,5.313236238738695,-3.8163250812359713,17.053697146950473,1.103593,1.673955,-21.419296,"NOT_AVAILABLE",0,true,true,false,false,false,false,true,,,,,,,
"Gaia DR3 1360268579900329984",1360268579900329984,260.61813964338467,43.18292915025253,8.343010501945637,4.277156452441055,36.51583387629053,0.95751446,2.4955196,-25.13292,"NOT_AVAILABLE",0,true,true,false,false,false,false,true,,,,,,,
"Gaia DR3 1360298880894527616",1360298880894527616,260.0541188487355,43.10480837538778,8.535485780541224,34.88778691801082,-3.6756572994713332,1.8003579,1.4799795,-3.307933,"NOT_AVAILABLE",0,true,true,false,false,false,true,true,4658.4966,4.6163,0.2636,115.6488,0.5141,0.3917,0.2055
"Gaia DR3 1360298885189532928",1360298885189532928,260.05434883458497,43.1044676524986,8.557805263362505,34.17931422006365,-4.570968198832359,1.0703707,,-2.1436915,"NOT_AVAILABLE",0,false,false,false,false,false,false,false,,,,,,,
"Gaia DR3 1360300293938809088",1360300293938809088,260.0461999410567,43.18067453683616,5.552986589514596,-10.046397142244954,3.2895011628619764,0.9623304,3.4186325,,"NOT_AVAILABLE",0,true,false,false,false,false,false,true,3220.2637,4.8511,0.2929,190.4314,1.2919,0.7797,0.5628
"Gaia DR3 1360307715642367872",1360307715642367872,260.3914985910243,43.30741308547231,8.98171016923331,3.083646645667447,-11.389104486658663,1.601387,2.6750183,-43.831844,"NOT_AVAILABLE",0,true,false,false,false,false,true,true,3480.6477,4.7953,0.043,112.8701,0.8737,0.5667,0.3626
"Gaia DR3 1360312044969418880",1360312044969418880,260.3322273790396,43.399061377618985,17.73557715529501,-87.0068556432202,-23.660025890306592,1.3000939,2.1984425,-36.717926,"NOT_AVAILABLE",0,true,true,false,false,false,false,true,,,,,,,
"Gaia DR3 1360312315551159936",1360312315551159936,260.31773093163395,43.41229771523033,16.799110648865053,22.16779040934407,15.212767714020153,1.0422243,4.565935,,"NOT_AVAILABLE",0,true,false,false,false,false,false,true,,,,,,,
"Gaia DR3 1360313243265942016",1360313243265942016,260.3333198084519,43.45411619785195,9.744936803680694,68.3906571799888,-0.2578729867882466,0.9522115,0.56793785,,"NOT_AVAILABLE",0,true,false,false,false,false,false,false,,,,,,,
"Gaia DR3 1360314037834241920",1360314037834241920,260.44668677950557,43.48087566566411,6.278811970487251,-15.614842376009749,0.5042885757216742,1.0591283,2.5991163,,"NOT_AVAILABLE",0,true,false,false,false,false,true,true,3441.0308,4.9047,-0.2359,159.1309,0.7249,0.4726,0.2982
"Gaia DR3 1360327541211494272",1360327541211494272,260.4867486138812,43.608844936931,6.164937982676891,-11.462778522813972,6.767325745309279,1.0580274,3.046832,,"NOT_AVAILABLE",0,true,false,false,false,false,true,true,3329.501,4.8447,0.1234,161.1372,1.2074,0.7516,0.5112
"Gaia DR3 1360369150858339456",1360369150858339456,258.67136947436455,42.67372351832713,5.741665403429937,-16.57911066965059,-1.7237578993143297,1.1091478,2.5161858,,"NOT_AVAILABLE",0,true,false,false,false,false,true,true,3440.8855,4.7091,-0.3377,173.1518,0.6851,0.4476,0.2828
"Gaia DR3 1360369150858339712",1360369150858339712,258.67095806156794,42.67470443388283,5.759962145641921,-17.80027497860525,-1.6908954064356942,0.9869462,1.5039062,-24.754877,"VARIABLE",0,true,true,false,true,false,true,true,4478.424,4.6624,0.4433,174.8026,0.3237,0.2431,0.1276
"Gaia DR3 1360376675642140672",1360376675642140672,258.73866619988127,42.92707282763809,5.440792706895559,12.328043856131291,15.475498410346034,1.0176021,2.4979763,,"NOT_AVAILABLE",0,true,false,false,false,false,true,true,3488.4775,4.8827,-0.3039,182.1864,0.6902,0.455,0.282
"Gaia DR3 1360381309905667840",1360381309905667840,259.13618601787164,43.04140745381742,7.802085846724477,-12.09053577296487,15.123318301959985,1.3189856,1.051693,-26.937183,"NOT_AVAILABLE",0,true,true,false,false,false,true,true,4989.5786,4.2579,-0.6316,128.0098,0.0516,0.0415,0.0223
"Gaia DR3 1360382031460313216",1360382031460313216,258.8720440132738,42.95236117254911,5.790703231823122,1.386204594565505,29.684806431616398,1.0595422,2.9827309,,"NOT_AVAILABLE",0,false,false,false,false,false,false,false,,,,,,,
"Gaia DR3 1360386502526223104",1360386502526223104,258.52835874025664,42.86560723550739,5.131903985701848,0.3444083051669917,48.166796769407796,1.0843984,2.4191017,,"NOT_AVAILABLE",0,true,false,false,false,false,true,true,3498.5576,4.7821,-0.7201,193.1079,0.7018,0.4674,0.2819
"Gaia DR3 1360388559810570112",1360388559810570112,258.7324834587887,42.957408796404884,5.8102608216779235,0.9330164883458401,-37.129158498957985,1.032362,3.2475166,,"NOT_AVAILABLE",0,false,false,false,false,false,true,false,3170.3013,5.0073,-0.1435,178.4791,1.0968,0.6677,0.4617
"Gaia DR3 1360401964409323136",1360401964409323136,259.0155558688803,43.2710674033244,6.036325276718296,0.7170806477816729,-16.726316638718693,0.9728212,2.3685446,,"NOT_AVAILABLE",0,true,false,false,false,false,true,true,3575.475,4.9485,-0.5846,162.9373,0.7835,0.5262,0.3122
"Gaia DR3 1360409386112763648",1360409386112763648,259.2257092902206,43.200313453559396,5.550904729920922,18.185244602985232,-22.695463857891234,0.96214163,3.0238676,,"NOT_AVAILABLE",0,true,false,false,false,false,false,true,3376.8945,4.7788,0.1975,177.39,1.186,0.7411,0.5068
"Gaia DR3 1360414196475355136",1360414196475355136,259.60139414707214,43.32517654300718,5.089958676938402,-26.373123147723913,-11.890284909442384,1.2001432,1.2347984,-63.27214,"NOT_AVAILABLE",0,true,true,false,false,false,false,true,,,,,,,
"Gaia DR3 1360424985431402624",1360424985431402624,259.3116975473288,43.41016806509847,5.611034494426899,17.670944024864543,-24.72333620544004,0.990532,2.9178581,,"NOT_AVAILABLE",0,false,false,false,false,false,true,true,3196.8455,5.0304,-0.2606,174.6263,0.8413,0.5193,0.3534
"Gaia DR3 1360424985434843648",1360424985434843648,259.3142641109676,43.41267442133507,5.78483161888149,17.696275934262825,-24.640430747237865,0.8922672,0.7127552,-6.119896,"NOT_AVAILABLE",0,true,true,false,false,false,true,true,6005.86,4.3544,-0.3623,171.9851,0.0016,0.0013,7.0E-4
"Gaia DR3 1360428180889685248",1360428180889685248,259.35270721046686,43.46321692176955,6.376194385028289,21.40925998198974,-18.331502961492,1.0042399,2.4282045,0.36660096,"NOT_AVAILABLE",0,true,false,false,false,false,true,true,3522.362,4.653,-0.3555,152.5433,0.6078,0.404,0.2488
"Gaia DR3 1360428799365121408",1360428799365121408,259.3928067927082,43.50148880993352,6.632955821535211,-24.51478964113685,-32.46711348063394,1.1430694,1.8442268,12.327654,"NOT_AVAILABLE",0,true,true,false,false,false,true,true,3850.8745,4.6834,-0.5237,150.1214,0.3308,0.2358,0.1281
"Gaia DR3 1360432437196350720",1360432437196350720,259.66536364544453,43.54509174800915,11.974532076921815,54.88280423180837,-24.340364614055417,1.1626173,1.6612082,-19.578203,"NOT_AVAILABLE",0,true,true,false,false,false,true,true,4315.3447,4.5785,0.3892,83.4717,0.4462,0.3285,0.175
"Gaia DR3 1360435667012579712",1360435667012579712,259.4672604261992,43.57876916100877,5.318351470749813,-37.42934695565469,20.730533022941863,1.3936002,3.0741806,,"NOT_AVAILABLE",0,true,false,false,false,false,false,true,,,,,,,
"Gaia DR3 1360435671312795520",1360435671312795520,259.46697243135515,43.57861248168484,5.123313817729176,-38.09096208162213,19.560692965566545,1.0891758,,,"NOT_AVAILABLE",0,false,false,false,false,false,false,false,,,,,,,
"Gaia DR3 1360440889693124096",1360440889693124096,258.5679798103055,43.16109657682057,11.748906969655286,-6.0648638120806915,36.71994305910296,2.270259,1.43608,-67.81161,"NOT_AVAILABLE",3,true,true,false,false,false,true,true,4532.763,4.5851,0.3678,84.9732,0.2114,0.1598,0.0836
"Gaia DR3 1360440893989831168",1360440893989831168,258.5694973248935,43.16099464908795,11.852697674654072,-4.384099271057252,38.41589992789153,0.87648076,1.9289913,,"NOT_AVAILABLE",0,false,false,false,false,false,false,false,,,,,,,
"Gaia DR3 1360441649907163776",1360441649907163776,258.7057036733479,43.19800469092357,8.80242634553433,25.65852292399487,-127.74008818252193,1.098683,2.5636349,-84.13537,"NOT_AVAILABLE",0,true,false,false,false,false,true,true,3476.0247,4.8734,-0.2008,113.8656,0.7679,0.5029,0.3148
"Gaia DR3 1360441649907164544",1360441649907164544,258.70079309886415,43.19599117177853,8.839048926958561,25.669317367143368,-127.31359469500583,1.106014,2.5074291,-57.060158,"NOT_AVAILABLE",0,true,false,false,false,false,true,true,3515.2878,4.8051,-0.2128,112.9386,0.7555,0.4983,0.3089
"Gaia DR3 1360441787346113664",1360441787346113664,258.7374629998697,43.18919601269732,7.332166118239562,-9.969457623609948,6.798641464501205,1.0737342,1.7267971,-45.447235,"NOT_AVAILABLE",0,true,true,false,false,false,true,true,4208.7593,4.6621,0.2504,136.1047,0.4447,0.3238,0.1746
"Gaia DR3 1360447765940585984",1360447765940585984,258.8182983262631,43.23131783436773,5.47109179904094,-17.493534834743542,-32.38920957688779,1.0578715,2.6876135,,"NOT_AVAILABLE",0,true,false,false,false,false,true,true,3469.3313,4.7931,0.0642,184.7946,0.8255,0.5342,0.3446
"Gaia DR3 1360454427431584384",1360454427431584384,258.9573438606033,43.44162783448258,6.25280939625016,-9.364353793379465,36.93604302839026,1.1092031,3.201542,,"NOT_AVAILABLE",0,false,false,false,false,false,true,false,2916.2366,5.0826,-0.0823,168.4793,0.0986,0.057,0.0441
"Gaia DR3 1360454431729839360",1360454431729839360,258.95681656315594,43.44283824197377,6.651316027437024,-9.024301869835575,36.09702225698487,1.0813851,1.9432364,-42.576126,"NOT_AVAILABLE",0,true,true,false,false,false,true,true,3994.7932,4.673,0.0319,149.02,0.5984,0.4241,0.2345
"Gaia DR3 1360470615163605248",1360470615163605248,258.8094447642967,43.61386238850904,5.700988884987165,-1.3992537281945046,-44.31746484217139,2.3134782,2.0945587,12.68376,"NOT_AVAILABLE",0,true,false,false,false,false,false,true,,,,,,,
"Gaia DR3 1360470615166646656",1360470615166646656,258.80920181206795,43.613730409388666,6.171404742876623,-0.013024130804529577,-46.83023267352188,2.0470614,2.0979023,,"NOT_AVAILABLE",0,false,false,false,false,false,false,true,,,,,,,
"Gaia DR3 1360477280955964160",1360477280955964160,259.3947527333992,43.619134579407806,6.941110414112093,-66.67966141140293,23.229786733305083,1.0564319,2.9344168,,"NOT_AVAILABLE",0,true,false,false,false,false,true,true,3359.183,4.8259,0.0868,147.7844,1.0061,0.6339,0.4252
"Gaia DR3 1360480132811542656",1360480132811542656,259.1321704360686,43.63850391652828,5.170510280922531,-8.344230469850809,21.873065358742465,2.094425,1.3963232,,"VARIABLE",0,true,true,false,true,false,false,true,,,,,,,
"Gaia DR3 1360480132814257920",1360480132814257920,259.13179552549184,43.63835430069804,5.203057607674611,-11.248489290397245,23.794278153857547,1.4316428,,-38.86489,"NOT_AVAILABLE",0,false,false,false,false,false,false,false,,,,,,,
"Gaia DR3 1360486656864441088",1360486656864441088,259.6446620005089,43.82754250909509,5.07265139000369,-17.884968027797083,24.795968506415278,1.0866413,2.9544735,,"NOT_AVAILABLE",0,false,false,false,false,false,false,false,,,,,,,
"Gaia DR3 1360492605399288192",1360492605399288192,259.14185174741607,43.70271917181693,5.439569778877644,4.204736409917011,-58.11852583739371,0.9974027,2.181841,3.9635372,"NOT_AVAILABLE",0,true,false,false,false,false,true,true,3736.5613,4.7157,-0.2026,184.0847,0.6376,0.4376,0.2541
"Gaia DR3 1360497243963972736",1360497243963972736,259.0651147804616,43.779341165652085,8.340428787058508,39.89029608762459,-9.362180143683588,0.9447676,0.7829828,-6.0233064,"NOT_AVAILABLE",0,true,true,false,false,false,true,true,5790.112,4.3858,-0.0886,119.5606,0.0026,0.0022,0.0012
"Gaia DR3 1360498240397148160",1360498240397148160,259.1593947537559,43.88597438182396,5.6831726240730625,28.12957242762474,-57.74548921599231,6.001031,2.0259695,-13.971713,"NOT_AVAILABLE",0,true,true,false,false,false,false,true,,,,,,,
"Gaia DR3 1360498309115994240",1360498309115994240,259.21928496294726,43.820209013386766,5.826268863288817,-16.1210886481201,-12.335238822258901,0.9743334,2.3419294,,"NOT_AVAILABLE",0,true,false,false,false,false,true,true,3484.9553,5.0297,-0.6453,168.7309,0.5021,0.3348,0.2021
"Gaia DR3 1360499541767251584",1360499541767251584,259.2442595778494,43.88734515501425,8.374035943790725,-177.52695269697384,-35.16203373519663,1.002305,2.872137,,"NOT_AVAILABLE",0,true,false,false,false,false,true,true,3235.6824,5.0729,-0.4437,120.8138,0.6874,0.4309,0.2858
"Gaia DR3 1360500027102918400",1360500027102918400,259.27645927438095,43.931621065843984,7.376395132955458,-25.656086698015535,77.0008191612036,0.8803428,0.9280319,-25.298794,"NOT_AVAILABLE",0,true,true,false,false,false,true,true,5519.7183,4.4925,0.1792,135.2697,0.1082,0.0892,0.0472
"Gaia DR3 1360501397192232448",1360501397192232448,259.46378198163916,43.902786941811236,7.7756439954447165,-67.80185772136801,9.765778375810413,1.4405354,3.3848438,,"NOT_AVAILABLE",0,false,false,false,false,false,false,true,3113.316,4.9939,-0.0403,144.0178,1.4822,0.8815,0.6251
"Gaia DR3 1360509334296190336",1360509334296190336,259.8664372750767,43.43302226829699,5.809021889991261,40.574900555596166,-69.35599700223021,1.0097525,,,"NOT_AVAILABLE",0,false,false,false,false,false,false,false,,,,,,,
"Gaia DR3 1360509338587547520",1360509338587547520,259.8666437252579,43.43268663314946,6.027908297552545,40.10929096043701,-70.00414697389917,1.8270328,2.3399544,-32.72324,"NOT_AVAILABLE",0,true,false,false,false,false,false,true,,,,,,,
"Gaia DR3 1360516863370026112",1360516863370026112,260.10737361035325,43.71383422619836,7.81173247622001,15.566578272361081,-4.031544353386682,1.0860344,1.9877453,-6.4166627,"VARIABLE",0,true,true,false,true,false,false,true,4866.623,4.708,-0.8272,126.6495,2.2348,1.6588,0.9063
"Gaia DR3 1360517894162186496",1360517894162186496,260.0470798316982,43.74630404945087,11.003382039900286,-83.28810664039315,-108.61918836845652,1.0657574,2.0180387,7.5940742,"NOT_AVAILABLE",0,true,true,true,false,false,true,true,3882.0215,4.7329,-0.1427,91.0151,0.5878,0.4121,0.2312
"Gaia DR3 1360518375198500992",1360518375198500992,260.1645715995698,43.636500728091896,5.493650805430305,-11.439823763827837,2.6617950669259915,0.9921346,2.2719269,,"NOT_AVAILABLE",0,true,false,false,false,false,true,true,3676.5637,4.7783,-0.1461,180.786,0.6486,0.4405,0.2604
"Gaia DR3 1360520402423152640",1360520402423152640,260.35234837317574,43.73715036429267,6.312196348356499,-49.8618954639223,-16.705931808559207,1.0126483,1.205864,-32.711727,"NOT_AVAILABLE",0,true,true,false,false,false,false,true,4679.6743,4.5244,-0.3721,159.175,0.0061,0.0048,0.0025
"Gaia DR3 1360523460439876864",1360523460439876864,260.2642281441248,43.81423892993675,15.32136582384022,-89.93996289318916,-60.27013048094686,1.0416169,3.0374374,,"NOT_AVAILABLE",0,true,false,false,false,false,false,true,,,,,,,
"Gaia DR3 1360527446169462144",1360527446169462144,259.894926522034,43.677637110321925,6.413150332476061,-13.915935514465762,22.585801475498638,1.0696625,3.083023,,"NOT_AVAILABLE",0,true,false,false,false,false,true,true,3239.0752,4.9143,0.0671,158.8769,1.0186,0.6276,0.4326
"Gaia DR3 1360529610832980608",1360529610832980608,260.0205931081689,43.796907073939856,5.269651912229135,5.838973586796087,16.057386860081902,1.0409658,2.371787,,"NOT_AVAILABLE",0,true,false,false,false,false,true,true,3561.0127,4.6422,-0.4942,189.6481,0.6603,0.4427,0.2672
"Gaia DR3 1361217252276803072",1361217252276803072,258.6475726572781,43.664293098502455,6.134522584419514,-6.403542759592602,-15.993401706383803,1.0828946,1.4341421,,"VARIABLE",0,true,true,false,true,false,true,true,4548.9688,4.6599,0.4927,163.1713,0.2585,0.1957,0.1023
"Gaia DR3 1361224605260853632",1361224605260853632,258.9488986792247,43.78045261383022,5.497747944881682,3.6283496376940985,-86.89534747638089,1.0007143,1.9847202,-50.427376,"NOT_AVAILABLE",0,true,false,false,false,false,true,true,3846.6064,4.8129,-0.472,181.352,0.52,0.3654,0.2043
"Gaia DR3 1361227624621975936",1361227624621975936,258.6807208399107,43.807076763958214,5.7007000205096885,10.019473113824825,-44.57749412976336,1.0147116,3.123785,,"NOT_AVAILABLE",0,false,false,false,false,false,true,false,3063.6755,5.0457,-0.1347,180.3698,0.9788,0.5807,0.4189
"Gaia DR3 1361227044802240768",1361227044802240768,258.78989615086266,43.81406386658804,5.513890059632797,-22.508492964948914,-0.174924709470911,1.114829,2.6875658,,"NOT_AVAILABLE",0,true,false,false,false,false,true,true,3410.637,4.8517,-0.2575,183.4661,0.8188,0.5293,0.3377
"Gaia DR3 1361232611080391424",1361232611080391424,258.4186637436281,43.757081642351146,9.38798677592754,-20.742608657633983,-0.6603614591903681,13.828523,2.277955,,"NOT_AVAILABLE",0,true,true,false,false,false,false,true,3523.3445,4.1894,-0.3744,103.8976,0.4241,0.285,0.1706
"Gaia DR3 1361236012693978368",1361236012693978368,258.42699277953943,43.817374422753204,6.352621242765348,-21.0777617424216,37.13326389266602,0.96778154,3.2687511,,"NOT_AVAILABLE",0,false,false,false,false,false,true,false,3075.4883,5.0685,-0.2302,166.0491,0.9093,0.5421,0.388
"Gaia DR3 1361236631169270656",1361236631169270656,258.39506809724037,43.818784247579224,5.702633647956409,-9.326302335139648,2.355313609351569,10.391846,2.180046,-28.570217,"NOT_AVAILABLE",0,true,true,false,false,false,true,true,3764.9683,4.5811,2.0E-4,161.2785,0.6104,0.4192,0.2438
"Gaia DR3 1361242227510954624",1361242227510954624,258.9219904541492,43.98794312860878,11.136072415728888,-17.26659503118818,25.583902140966966,0.996121,3.7138577,,"NOT_AVAILABLE",0,false,false,false,false,false,false,true,,,,,,,
"Gaia DR3 1361243434397674880",1361243434397674880,258.9406972205702,44.05939059854627,6.34930968134956,29.07565682975109,-0.28737880954925,1.0842324,2.3260078,,"NOT_AVAILABLE",0,true,false,false,false,false,true,true,3612.9429,4.8763,-0.4207,156.092,0.7134,0.4813,0.2857
"Gaia DR3 1361248553998674688",1361248553998674688,259.04315878181274,43.86312553553911,18.56514833144737,-77.5177486103358,31.681023651032817,1.18478,2.4930744,-54.498184,"NOT_AVAILABLE",0,true,true,false,false,false,false,true,,,,,,,
"Gaia DR3 1361250130251506688",1361250130251506688,259.1253990637382,43.96362414427781,7.475509773605479,-19.367369348697938,36.28088718971231,1.0034671,3.4871979,,"NOT_AVAILABLE",0,false,false,false,false,false,true,false,2905.093,5.0543,0.0155,158.0004,0.6342,0.3619,0.2816
"Gaia DR3 1361252436648971136",1361252436648971136,259.29673955338006,44.06051669928806,5.729411540988863,-36.83539096953422,-8.131052875123897,0.9581335,1.0315762,-33.660004,"NOT_AVAILABLE",0,true,true,false,false,false,true,true,5129.859,4.5488,-0.081,173.8491,0.0608,0.049,0.026
"Gaia DR3 1361252436648971776",1361252436648971776,259.2925531626674,44.06060235015569,5.745882425086666,-37.01128564713261,-8.41028102714645,1.0558989,1.2367535,-34.994392,"VARIABLE",0,true,true,false,true,false,true,true,4717.1772,4.5856,0.0454,173.4451,0.0958,0.0747,0.0392
"Gaia DR3 1361254562656781824",1361254562656781824,259.0790190002677,44.054371975615254,6.27659536995715,-6.1144796371522325,18.24123757001377,1.664604,1.2680645,-26.144562,"VARIABLE",0,true,true,false,true,false,true,true,4687.022,4.5321,-0.0508,159.7378,0.1188,0.0924,0.0487
"Gaia DR3 1361254566952766336",1361254566952766336,259.0785208779478,44.05422767471442,6.038375333764754,-3.5352906728235056,17.992010319448646,1.3640603,,,"NOT_AVAILABLE",0,false,false,false,false,false,false,false,,,,,,,
"Gaia DR3 1361253153907742848",1361253153907742848,259.1148340868298,43.97833883372718,8.456495764101945,-61.25474894809449,176.27584513682308,1.2832409,3.470955,,"NOT_AVAILABLE",0,true,false,false,false,false,true,true,3127.2732,4.9613,0.0785,129.6869,1.3788,0.8221,0.5879
"Gaia DR3 1361257040854385024",1361257040854385024,259.3609482609075,44.03307466038263,7.229653300126715,6.935535222572984,-40.47009564653625,0.87842584,2.8201942,,"NOT_AVAILABLE",0,true,false,false,false,false,true,true,3355.6516,4.9006,-0.0797,139.1765,0.949,0.603,0.3942
"Gaia DR3 1361266077465128064",1361266077465128064,258.99874358154096,44.055711419539236,9.786435712305714,-28.023434410082587,-122.31355814451803,1.0582442,2.1436434,-34.290688,"VARIABLE",0,true,true,false,true,false,true,true,3630.1084,4.6617,-0.4554,102.3361,0.5123,0.3519,0.2006
